"credit","income","ownsRealty","age"
312768,112500,"N",63.2657534246575
395766,225000,"N",57.0712328767123
1042560,157500,"N",29.0082191780822
521280,225000,"Y",27.0027397260274
270000,180000,"Y",42.9041095890411
728460,337500,"N",22.2986301369863
225000,90000,"N",31.3013698630137
531706.5,157500,"N",38.813698630137
497520,315000,"N",24.4794520547945
816660,135000,"N",27.8465753424658
135000,90000,"N",41.1123287671233
528687,315000,"Y",55.6328767123288
213588,135000,"Y",34.0191780821918
1552500,247500,"Y",54.3753424657534
592560,225000,"N",26.6821917808219
284400,180000,"Y",37.627397260274
206271,72000,"N",23.6082191780822
1850544,135000,"Y",44.386301369863
1255680,202500,"Y",29.2
675000,123750,"Y",29.9424657534247
143910,90000,"Y",67.3178082191781
256500,67500,"Y",28.8904109589041
450000,157500,"N",38.1369863013699
675000,112500,"N",40.1424657534247
675000,103500,"Y",31.027397260274
351000,247500,"Y",34.3890410958904
284400,54000,"N",30.5150684931507
286704,90000,"Y",35.0328767123288
835380,225000,"Y",45.7561643835616
615109.5,270000,"N",62.7561643835616
194742,90000,"N",56.7534246575342
1034680.5,157500,"N",27.0739726027397
284400,76500,"N",28.0986301369863
545040,112500,"Y",36.0493150684932
1078200,270000,"Y",45.7972602739726
254700,90000,"Y",66.8904109589041
332946,225000,"Y",36.2630136986301
808650,225000,"N",57.1260273972603
463284,225000,"Y",31.5260273972603
1069285.5,225000,"Y",44.0520547945206
450000,198000,"N",27.5753424657534
1006920,225000,"N",38.4821917808219
225000,112500,"N",39.3506849315068
219042,135000,"Y",41.158904109589
521451,252000,"Y",63.6
526491,180000,"Y",62.3780821917808
509602.5,135000,"Y",34.0958904109589
284400,38250,"Y",62.4219178082192
636138,121500,"Y",38.3178082191781
283419,135000,"Y",23.8739726027397
119448,90000,"Y",58.2219178082192
1252363.5,225000,"Y",57.9260273972603
1147500,90000,"Y",55.2219178082192
790830,292500,"N",45.841095890411
679500,180000,"Y",32.813698630137
269550,112500,"Y",48.7917808219178
660244.5,148500,"N",52.6082191780822
1506816,225000,"N",44.4301369863014
168102,144000,"N",63.1424657534247
646920,157500,"N",26.4630136986301
450000,157500,"N",43.7397260273973
229500,81000,"N",53.4054794520548
306000,90000,"Y",52.0575342465753
9e+05,382500,"Y",39.6
1552500,360000,"Y",47.4794520547945
360000,94500,"N",27.7342465753425
203760,67500,"Y",33.8876712328767
1528200,270000,"Y",46.1369863013699
348264,144000,"Y",25.1835616438356
755190,180000,"N",34.372602739726
450000,202500,"Y",49.7287671232877
508495.5,157500,"N",62.8767123287671
545040,180000,"N",32.4931506849315
395766,225000,"N",35.1835616438356
152820,148500,"Y",54.1095890410959
1494486,180000,"Y",39.5260273972603
161730,81000,"Y",38.0356164383562
735579,202500,"Y",46.572602739726
225000,103500,"N",31.9616438356164
760225.5,144000,"N",46.0547945205479
1495435.5,225000,"Y",34.9397260273973
450000,225000,"Y",36.1315068493151
675000,202500,"Y",53.4465753424658
91692,112500,"Y",49.1397260273973
1125000,270000,"Y",56.6958904109589
1125000,202500,"N",36.0383561643836
490495.5,270000,"Y",45.241095890411
254700,225000,"Y",65.8109589041096
545040,112500,"N",28.8712328767123
450000,225000,"N",48.2630136986301
634482,225000,"Y",50.5698630136986
418500,74250,"N",23.786301369863
152820,90000,"N",32.2630136986301
191880,40500,"N",58.5041095890411
1125000,247500,"Y",45.9506849315068
343377,157500,"N",31.1808219178082
619254,112500,"N",66.8794520547945
675000,112500,"Y",31.5835616438356
937638,211500,"Y",46.9232876712329
320922,315000,"N",43.0794520547945
840996,157500,"Y",55.7835616438356
229500,112500,"Y",29.1205479452055
407965.5,202500,"N",62.7205479452055
238500,225000,"Y",27.2904109589041
592560,90000,"Y",27.6438356164384
454500,135000,"Y",39.8191780821918
277969.5,135000,"Y",33.5260273972603
180000,90000,"Y",21.1698630136986
585000,225000,"Y",26.427397260274
675000,121500,"Y",53.1424657534247
384048,67500,"N",41.0630136986301
450000,225000,"Y",58.9643835616438
400500,292500,"Y",46.8986301369863
1467612,202500,"Y",62.7534246575342
808650,270000,"Y",40.4328767123288
1147500,135000,"Y",37.5753424657534
269550,126000,"Y",67.4219178082192
247500,405000,"Y",41.6438356164384
728460,315000,"Y",25.5397260273973
1723500,180000,"Y",45.9917808219178
427869,135000,"Y",24.1397260273973
755190,135000,"N",53.1671232876712
225000,157500,"Y",55.1095890410959
265869,157500,"Y",46.9260273972603
720000,270000,"Y",40.958904109589
509922,270000,"Y",34.8054794520548
254700,130500,"Y",33.358904109589
284400,45000,"Y",56.2876712328767
196677,180000,"Y",52.7780821917808
1042560,117000,"Y",37.413698630137
521280,180000,"Y",32.8849315068493
526491,112500,"Y",40.1452054794521
851778,148500,"Y",51.6630136986301
810000,301500,"Y",35.7780821917808
1195587,121500,"Y",53.4739726027397
256500,157500,"Y",43.0630136986301
675000,202500,"Y",32.0712328767123
781920,121500,"Y",58.7972602739726
358443,135000,"Y",50.8547945205479
337500,382500,"Y",63.9068493150685
651600,51750,"N",60.7835616438356
270000,112500,"Y",28.4438356164384
381528,247500,"N",51.6876712328767
450000,337500,"N",27.6191780821918
589455,180000,"Y",23.8356164383562
101880,67500,"Y",30.8575342465753
239850,112500,"Y",51.041095890411
1507869,176400,"Y",57.0219178082192
1019610,225000,"Y",55.3835616438356
180000,135000,"Y",24.0301369863014
254700,135000,"Y",54.9671232876712
517500,135000,"Y",49.2109589041096
485640,270000,"N",31.972602739726
180000,180000,"Y",28.4356164383562
450000,135000,"Y",29.2082191780822
740700,112500,"N",52.6438356164384
521280,202500,"Y",43.4301369863014
341280,135000,"Y",27.2301369863014
269550,67500,"Y",45.227397260274
45000,90000,"Y",23.5835616438356
1035072,189000,"Y",55.1123287671233
270000,90000,"Y",42.8164383561644
148500,121500,"Y",22.372602739726
781695,270000,"Y",42.1671232876712
183784.5,90000,"Y",49.0301369863014
135000,148500,"Y",45.9616438356164
157500,67500,"N",45.2931506849315
405000,157500,"Y",35.4821917808219
1312110,195750,"Y",61.586301369863
269550,270000,"Y",42.2246575342466
1913805,315000,"Y",40.9068493150685
1002870,121500,"Y",57.5698630136986
2085120,675000,"Y",35.3424657534247
117162,63000,"Y",23.3808219178082
544491,45000,"N",32.8082191780822
396171,247500,"Y",30.5753424657534
584766,193500,"Y",54.4438356164384
675000,216000,"Y",45.7506849315068
1096020,202500,"Y",40.227397260274
269550,135000,"Y",26.8739726027397
1125000,90000,"N",61.6328767123288
675000,112500,"Y",52.9808219178082
253377,45000,"Y",61.6191780821918
508495.5,202500,"Y",37.4986301369863
855882,157500,"N",57.3041095890411
239850,54000,"Y",67.1972602739726
407520,90000,"Y",34.3424657534247
225000,90000,"N",28.0547945205479
450000,202500,"Y",28.6520547945205
270000,108000,"Y",34.1753424657534
9e+05,103500,"Y",43.3397260273973
539100,292500,"Y",24.0602739726027
408865.5,270000,"Y",63.4054794520548
509400,225000,"Y",32.7150684931507
521280,75150,"Y",55.1753424657534
495000,193500,"Y",44.9232876712329
526491,225000,"Y",57.1315068493151
439740,180000,"N",63.4219178082192
457834.5,225000,"Y",44.2657534246575
450000,135000,"N",37.3452054794521
675000,112500,"Y",66.3671232876712
807984,180000,"Y",52.5123287671233
328365,112500,"Y",28.4383561643836
333000,90000,"Y",45.627397260274
1236816,90000,"Y",58.813698630137
47970,90000,"Y",58.0219178082192
1078200,180000,"Y",58.6630136986301
747000,157500,"Y",36.0739726027397
619965,225000,"N",38.4219178082192
270000,90000,"Y",53.4657534246575
231813,76500,"N",47.172602739726
539100,135000,"N",35.4712328767123
135000,144000,"Y",35.2246575342466
835380,252000,"Y",57.6958904109589
450000,270000,"Y",30.3369863013699
225000,135000,"N",29.4821917808219
675000,225000,"Y",32.0054794520548
414792,135000,"N",35.1232876712329
180000,135000,"Y",30.3698630136986
219870,67500,"Y",60.6027397260274
135000,180000,"Y",29.8931506849315
604152,67500,"N",38.5287671232877
454500,202500,"Y",63.9972602739726
1350000,225000,"Y",43.7260273972603
590337,121500,"Y",50.4520547945205
675000,103500,"N",56.7753424657534
573628.5,202500,"Y",39.5315068493151
942300,99000,"Y",38.7232876712329
640080,112500,"Y",37.4547945205479
152820,135000,"Y",53.4109589041096
1012500,225000,"Y",29.6958904109589
161730,67500,"N",59.9972602739726
1288350,135000,"N",43.0465753424658
225000,180000,"Y",58.3123287671233
1014493.5,202500,"Y",47.7479452054795
675000,135000,"Y",55.0246575342466
497520,216000,"Y",50.2876712328767
324216,121500,"Y",52.9397260273973
1291500,292500,"Y",30.8301369863014
1575000,157500,"N",64.6794520547945
298512,171000,"Y",28.2657534246575
178776,121500,"N",43.0520547945206
495000,202500,"Y",49.2739726027397
9e+05,103500,"Y",41.4054794520548
837000,270000,"N",39.186301369863
754740,144000,"N",42.9369863013699
121500,144000,"Y",50.0164383561644
283419,112500,"Y",31.627397260274
1092190.5,189000,"Y",64.7671232876712
202500,112500,"Y",55.6383561643836
418743,202500,"Y",26.8520547945205
276277.5,90000,"Y",40.4630136986301
590337,108000,"Y",51.958904109589
422235,180000,"Y",42.3835616438356
824823,180000,"Y",49.4109589041096
285723,202500,"Y",29.4054794520548
202500,157500,"Y",59.2986301369863
152820,38250,"Y",68.0465753424658
1546020,225000,"N",55.441095890411
269550,90000,"N",58.7397260273973
454500,135000,"Y",57.6219178082192
450000,126000,"N",54.1068493150685
675000,180000,"Y",30.5506849315069
824823,135000,"Y",57.3068493150685
495000,67500,"Y",51.7643835616438
202500,117000,"Y",55.813698630137
616527,180000,"Y",36.3424657534247
816660,208350,"Y",38.2712328767123
398016,225000,"N",43.4767123287671
545040,54000,"N",50.8493150684931
450000,301500,"Y",25.972602739726
360000,112500,"N",29.758904109589
338832,135000,"Y",55.9068493150685
1530000,360000,"Y",51.6438356164384
675000,225000,"Y",32.8164383561644
1256400,112500,"N",49.6931506849315
271957.5,180000,"Y",54.7013698630137
1800000,450000,"Y",57.0082191780822
1303812,112500,"N",40.9808219178082
314055,270000,"Y",41.8054794520548
180000,90000,"N",28.6109589041096
9e+05,225000,"Y",53.413698630137
517500,225000,"N",33.227397260274
886500,112500,"Y",36.8328767123288
390960,81000,"Y",61.1561643835616
1305000,225000,"Y",46.0794520547945
286704,135000,"Y",53.8602739726027
284400,126000,"Y",66.813698630137
450000,945000,"Y",29.6054794520548
1214100,180000,"Y",59.9452054794521
180000,54000,"Y",37.4082191780822
225000,180000,"Y",56.1698630136986
648000,112500,"N",45.4246575342466
225000,36000,"Y",66.2958904109589
1350000,157500,"Y",59.0356164383562
1213227,180000,"Y",52.1890410958904
145557,115650,"N",28.6547945205479
1575000,315000,"Y",34.5315068493151
1236816,180000,"Y",49.2904109589041
1350000,180000,"Y",55.9506849315068
53910,72000,"Y",29.4328767123288
1546020,243000,"Y",40.4191780821918
269550,81000,"Y",39.0520547945206
675000,175500,"N",22.9698630136986
790434,207000,"Y",42.0191780821918
225000,337500,"Y",56.4493150684931
9e+05,180000,"N",42.6191780821918
291114,337500,"Y",46.0465753424658
270000,225000,"Y",29.4876712328767
327024,72000,"Y",30.4328767123288
533304,94500,"N",42.0520547945206
1280794.5,202500,"Y",58.427397260274
675000,157500,"N",35.8657534246575
585000,45000,"Y",48.0602739726027
592560,112500,"Y",57.4356164383562
1078200,198900,"Y",54.2657534246575
203760,180000,"N",34.8164383561644
1062099,135000,"Y",44.1342465753425
229230,108000,"Y",61.2630136986301
331632,135000,"N",56.6493150684932
814041,225000,"N",39.7095890410959
225000,202500,"N",44.3232876712329
247500,157500,"Y",21.0904109589041
760122,202500,"N",36.4657534246575
323460,112500,"Y",54.586301369863
225000,225000,"Y",65.9945205479452
405000,360000,"Y",30.1616438356164
755190,112500,"N",26.6
805536,180000,"Y",58.5315068493151
862560,157500,"Y",42.2657534246575
454500,90000,"N",27.8383561643836
781920,360000,"Y",46.2328767123288
755190,112500,"N",30.6438356164384
270000,135000,"Y",59.1178082191781
1006920,319500,"N",59.586301369863
1636245,157500,"N",25.3041095890411
1546020,247500,"Y",53.8493150684931
405000,112500,"Y",58.9561643835616
971280,157500,"Y",29.1479452054795
247275,540000,"N",45.1013698630137
360000,180000,"Y",39.0465753424658
125136,54000,"Y",62.7972602739726
765000,225000,"Y",28.0821917808219
327024,72000,"Y",36
238500,157500,"Y",39.2301369863014
584766,189000,"Y",36.0876712328767
1006920,202500,"Y",29.7534246575342
90000,144000,"Y",29.0712328767123
640080,124425,"N",55.3095890410959
152820,202500,"N",26.1452054794521
894766.5,90000,"N",41.6931506849315
1570500,382500,"Y",54.2
651595.5,112500,"Y",48.0547945205479
607500,108859.5,"Y",28.2164383561644
562981.5,112500,"Y",55.0383561643836
61128,135000,"Y",41.3945205479452
808650,99000,"Y",52.8630136986301
1006920,247500,"Y",38.8054794520548
355536,292500,"Y",32.3753424657534
528633,270000,"N",54.8630136986301
538704,90000,"Y",60.5013698630137
634482,81000,"Y",38.7698630136986
675000,270000,"Y",34.4438356164384
521280,202500,"Y",38.6849315068493
1325475,90000,"Y",49.5753424657534
921861,202500,"Y",30.6767123287671
841500,90000,"Y",29.7205479452055
1620000,202500,"Y",53.4602739726027
781920,90000,"Y",60.372602739726
1078200,135000,"N",50.7917808219178
247500,135000,"N",37.1561643835616
894906,360000,"Y",39.8520547945205
270000,81000,"Y",58.586301369863
630000,81000,"Y",63.6794520547945
1325475,292500,"Y",42.7315068493151
598500,81000,"N",55.3095890410959
590337,67500,"N",45.4493150684931
284400,126000,"Y",23.6876712328767
610335,270000,"Y",35.3698630136986
1256400,180000,"N",48.6684931506849
360000,112500,"Y",49.7424657534247
270000,180000,"Y",42.8958904109589
9e+05,225000,"N",30.4493150684931
270000,63000,"Y",27.5041095890411
675000,247500,"Y",35.8739726027397
1125000,157500,"N",40.1479452054795
239850,90000,"N",51.6520547945205
824823,90000,"Y",40.3232876712329
604152,90000,"N",40.4712328767123
604152,99000,"Y",39.0164383561644
1068624,697500,"Y",59.0547945205479
675000,99000,"Y",47.3424657534247
540000,202500,"Y",33.8219178082192
454500,105750,"Y",45.3780821917808
993082.5,180000,"Y",60.586301369863
1029784.5,180000,"Y",62.3835616438356
251091,126000,"Y",49.3369863013699
876019.5,81000,"Y",26.5506849315069
505233,135000,"N",22.2191780821918
539590.5,225000,"Y",29.7068493150685
254700,90000,"N",41.7260273972603
665892,157500,"Y",38.4082191780822
1056447,135000,"Y",35.1698630136986
1223010,112500,"Y",61.6219178082192
672174,60750,"Y",62.772602739726
1258650,202500,"Y",41.6684931506849
327249,121500,"Y",55.4547945205479
582804,225000,"N",34.227397260274
188460,85500,"Y",63.2246575342466
315000,166500,"N",34.1753424657534
1417500,177750,"N",39.4630136986301
1078200,112500,"Y",30.8849315068493
448056,157500,"Y",31.6328767123288
2303460,945000,"Y",59.4849315068493
354276,135000,"Y",64.6219178082192
904500,270000,"Y",38.7424657534247
270126,85500,"N",24.7205479452055
495000,67500,"Y",34.7616438356164
450000,157500,"Y",51.0054794520548
1800000,405000,"Y",35.7013698630137
808650,135000,"N",39.1150684931507
135000,189000,"Y",32.1397260273973
835605,112500,"N",38.2767123287671
1125000,225000,"N",39.5616438356164
1762110,202500,"Y",45.7178082191781
302206.5,99000,"Y",27.7808219178082
668304,90000,"Y",62.6575342465753
450000,112500,"Y",60.1780821917808
641799,247500,"Y",67.1534246575342
180000,81000,"Y",22.3479452054795
495000,112500,"Y",26.027397260274
134775,121500,"N",27.3424657534247
544491,135000,"Y",62.3890410958904
1125000,81000,"N",41.2219178082192
143910,225000,"Y",29.1397260273973
239850,45000,"N",50.2849315068493
315000,135000,"N",58.8493150684931
161730,112500,"Y",52.2630136986301
288873,157500,"Y",40.9232876712329
1125000,157500,"N",46.3917808219178
135000,54000,"N",61.9150684931507
135000,90000,"Y",31.4465753424658
450000,112500,"Y",59.9013698630137
284400,175500,"Y",67.1671232876712
497520,270000,"N",57.6328767123288
1185120,180000,"Y",39.9150684931507
936000,134401.95,"N",28.9671232876712
180000,112500,"Y",39.7342465753425
810000,405000,"Y",32.0821917808219
810000,270000,"Y",33.1479452054795
942300,270000,"Y",51.5013698630137
9e+05,270000,"Y",48.7616438356164
202500,157500,"Y",50.8547945205479
518562,126000,"Y",39.6931506849315
9e+05,180000,"Y",47.4438356164384
392427,180000,"Y",47.8794520547945
450000,36180,"Y",58.2027397260274
536917.5,90000,"Y",46.1945205479452
830214,135000,"Y",27.3452054794521
170640,225000,"Y",33.5315068493151
824823,126000,"N",39.0246575342466
1305000,180000,"Y",24.958904109589
358443,270000,"Y",23.4520547945205
889515,157500,"N",44.5397260273973
436032,180000,"Y",43.5123287671233
299772,90000,"Y",37.2931506849315
180000,63000,"N",34.5041095890411
973710,180000,"Y",47.3123287671233
943425,270000,"Y",48.8958904109589
1006920,202500,"N",48.6191780821918
512064,90000,"N",31.586301369863
891000,67500,"Y",53.8547945205479
722394,225000,"N",55.1616438356164
450000,135000,"N",24.2301369863014
1125000,157500,"Y",39.6246575342466
509922,225000,"Y",43.4630136986301
698517,270000,"Y",44.2712328767123
1113399,315000,"Y",55.3287671232877
1249740,180000,"N",47.8465753424658
302341.5,112500,"Y",49.827397260274
101880,112500,"Y",62.2191780821918
247500,247500,"Y",53.5123287671233
417024,171000,"Y",41.0821917808219
80865,67500,"Y",45.5506849315069
528633,171000,"N",51.3369863013699
835380,180000,"Y",53.6657534246575
675000,180000,"N",37.3561643835616
479700,234000,"Y",36.1287671232877
585000,225000,"Y",53.8931506849315
561393,202500,"Y",63.013698630137
284400,30600,"Y",55.4246575342466
1051245,157500,"N",37.627397260274
71955,76500,"Y",48.8986301369863
315000,225000,"Y",46.372602739726
248760,112500,"N",56.3013698630137
247500,135000,"Y",23.7068493150685
226422,157500,"Y",27.158904109589
500211,225000,"Y",23.2575342465753
9e+05,270000,"Y",33.8109589041096
585000,135000,"N",55.3369863013699
544491,157500,"Y",62.7205479452055
801963,41850,"N",59.3671232876712
225000,99000,"Y",54.7095890410959
135000,112500,"Y",21.4904109589041
276277.5,99000,"Y",38.5287671232877
134775,81000,"N",57.7561643835616
180000,90000,"Y",33.4575342465753
454500,90000,"Y",53.4191780821918
296280,130500,"Y",49.986301369863
1078200,202500,"Y",61.4821917808219
442791,112500,"Y",31.3452054794521
436032,112500,"Y",42.8575342465753
997335,247500,"Y",35.2301369863014
824823,225000,"Y",23.1068493150685
1125000,157500,"Y",37.2684931506849
835380,382500,"N",39.7534246575342
135000,225000,"Y",33.8657534246575
9e+05,225000,"N",28.3945205479452
9e+05,450000,"N",42.5972602739726
66222,112500,"Y",37.2986301369863
315000,157500,"N",37.2109589041096
652500,166500,"Y",53.8219178082192
284400,202500,"Y",38.6904109589041
180000,67500,"Y",21.2246575342466
225000,94500,"Y",66.6027397260274
225000,216000,"Y",65.9698630136986
808650,202500,"Y",40.3452054794521
450000,67500,"N",50.4246575342466
693301.5,270000,"Y",23.3424657534247
211500,90000,"N",24.8958904109589
1371204,270000,"N",45.7780821917808
931401,157500,"N",35.3753424657534
9e+05,144000,"Y",43.6904109589041
405000,135000,"N",53.7917808219178
225000,225000,"Y",36.9917808219178
1522048.5,198000,"Y",58.6876712328767
755190,81000,"N",53.4712328767123
785398.5,270000,"N",38.9068493150685
497520,157500,"Y",65.2
545040,157500,"N",27.7452054794521
360000,225000,"Y",37.6986301369863
1575000,261000,"N",57.6849315068493
536917.5,135000,"N",52.386301369863
1138068,180000,"Y",60.7972602739726
1042560,315000,"N",28.227397260274
539100,270000,"N",24.1095890410959
254700,81000,"Y",30.358904109589
213948,315000,"Y",27.7315068493151
193572,112500,"Y",47.641095890411
732915,202500,"Y",52.0876712328767
278613,112500,"Y",43.1506849315069
675000,225000,"N",38.0356164383562
752553,157500,"Y",54.8082191780822
203760,202500,"Y",67.2082191780822
942300,112500,"N",52.1150684931507
778500,180000,"Y",37.0520547945206
269550,121500,"N",49.4219178082192
9e+05,202500,"N",29.0876712328767
1079050.5,135000,"N",57.9424657534247
553500,157500,"Y",54.1232876712329
180000,225000,"N",35.2684931506849
497520,180000,"Y",43.9945205479452
163008,85500,"Y",65.6301369863014
270000,90000,"Y",63.227397260274
755190,166500,"Y",24.5753424657534
1125000,337500,"Y",38.9178082191781
314100,157500,"Y",35.1150684931507
312682.5,112500,"Y",49.0027397260274
284400,150750,"Y",66.7397260273973
675000,76500,"N",42.5369863013699
863226,180000,"Y",54.9534246575342
424255.5,121500,"Y",48.2054794520548
375858,225000,"Y",30.1534246575342
797557.5,220500,"Y",33.3095890410959
1046142,225000,"N",31.3013698630137
523597.5,85500,"Y",60.0986301369863
328405.5,180000,"N",33.5452054794521
755190,360000,"N",36.2191780821918
180000,157500,"N",22.2602739726027
315000,112500,"Y",47.3780821917808
257391,225000,"N",48.8520547945205
9e+05,135000,"N",49.6547945205479
508495.5,94500,"N",60.0328767123288
170640,67500,"N",28.3808219178082
337500,112500,"Y",54.3041095890411
403249.5,157500,"Y",43.8684931506849
339241.5,103500,"N",63.2301369863014
1035072,202500,"Y",51.2794520547945
166500,67500,"Y",62.0821917808219
180000,202500,"Y",25.8602739726027
1223010,135000,"Y",51.8767123287671
343800,180000,"Y",43.7698630136986
193500,225000,"N",50.3424657534247
555273,99000,"Y",44.1835616438356
135000,157500,"Y",61.6383561643836
298728,112500,"Y",46.2712328767123
1800000,225000,"Y",49.0356164383562
1096020,360000,"N",39.6767123287671
842391,135000,"N",30.7917808219178
1129500,135000,"Y",55.5095890410959
180000,315000,"N",35.0191780821918
1035832.5,117000,"Y",48.7616438356164
9e+05,270000,"Y",49.7205479452055
263686.5,45000,"N",54.6547945205479
225000,81000,"Y",44.1123287671233
405000,135000,"Y",54.7068493150685
781920,270000,"N",27.6876712328767
369000,121500,"N",35.6054794520548
101880,67500,"N",58.7342465753425
450000,157500,"N",40.2630136986301
450000,157500,"Y",61.3013698630137
367389,157500,"N",25.6520547945205
1506816,292500,"N",51.0986301369863
508495.5,171000,"Y",57.5616438356164
545040,90000,"Y",27.9780821917808
1485000,157500,"Y",49.9397260273973
738108,202500,"Y",34.9452054794521
9e+05,112500,"Y",57.2109589041096
83538,49500,"N",62.9534246575342
967428,103500,"N",34.4246575342466
239850,180000,"N",30.758904109589
810000,189000,"N",36.8164383561644
980838,270000,"N",39.2246575342466
931500,180000,"Y",62.8219178082192
191880,90000,"Y",49.5452054794521
288562.5,135000,"N",26.1369863013699
234000,135000,"Y",31.2904109589041
1125000,180000,"Y",64.427397260274
280170,247500,"Y",22.627397260274
270000,202275,"N",38.8821917808219
9e+05,315000,"Y",37.6301369863014
202500,157500,"Y",21.2356164383562
80865,112500,"Y",61.0547945205479
879934.5,202500,"Y",41.6630136986301
417024,76500,"Y",40.6465753424658
1622691,450000,"Y",46.2328767123288
1185120,202500,"Y",27.3616438356164
265500,135000,"Y",49.3424657534247
254700,121500,"Y",32.0493150684932
1024740,247500,"N",40.8493150684931
1078200,135000,"N",43.586301369863
1125000,270000,"N",38.0821917808219
398934,270000,"Y",51.2493150684932
595903.5,202500,"N",42.6547945205479
1218708,225000,"Y",28.8027397260274
9e+05,112500,"N",32.7315068493151
312768,135000,"Y",25.6219178082192
808650,126000,"Y",56.9260273972603
512338.5,112500,"Y",55.6027397260274
315000,97731,"N",24.0958904109589
532494,162000,"Y",51.786301369863
180000,135000,"Y",47.2849315068493
973503,180000,"Y",30.5780821917808
225000,112500,"Y",58.4986301369863
808650,135000,"N",40.2082191780822
157914,90000,"N",36.5808219178082
157500,130500,"Y",28.6383561643836
521280,180000,"Y",64.6
417024,180000,"Y",40.2876712328767
247500,87750,"Y",55.4301369863014
508495.5,90000,"Y",37.7671232876712
675000,171000,"N",31.0931506849315
573408,225000,"Y",36.0986301369863
195543,180000,"Y",49.6109589041096
247986,112500,"N",22.5780821917808
545040,112500,"N",23.8630136986301
513531,103500,"N",60.5780821917808
1546020,265500,"Y",44.6575342465753
225000,72000,"N",55.5342465753425
1288350,180000,"N",43.427397260274
1223010,135000,"N",54.8465753424658
270000,112500,"Y",29.1917808219178
545040,99000,"Y",33.1178082191781
526491,315000,"Y",62.6164383561644
229500,112500,"Y",48.1780821917808
256500,157500,"Y",63.5095890410959
252000,90000,"Y",42.5479452054795
52128,126000,"Y",40.4301369863014
942300,112500,"Y",31.4219178082192
436032,292500,"N",36.4082191780822
675000,171000,"Y",26.6438356164384
640764,108000,"Y",34.5945205479452
318528,162000,"Y",56.3506849315068
971316,94500,"Y",61.3972602739726
497520,126000,"Y",55.641095890411
72000,99000,"Y",31.0767123287671
541323,202500,"Y",55.5123287671233
512064,202500,"N",27.6027397260274
225000,202500,"N",29.2904109589041
270000,761400,"Y",40.7232876712329
1133748,184500,"Y",37.2547945205479
1312110,225000,"N",49.1780821917808
781920,99000,"N",60.1479452054795
473760,270000,"Y",50.0602739726027
346500,157500,"Y",46.0438356164384
413235,157500,"Y",53.4547945205479
572076,225000,"Y",58.8219178082192
1190434.5,216000,"Y",53.4219178082192
1006920,135000,"Y",32.2109589041096
754740,72000,"Y",50.4246575342466
904608,90000,"Y",31.6164383561644
1494486,157500,"Y",53.3890410958904
526491,67500,"Y",45.7890410958904
922500,450000,"Y",61.6712328767123
284400,90000,"N",60.813698630137
1350000,117000,"Y",59.0931506849315
202500,67500,"Y",26.6684931506849
1003500,225000,"Y",48.2219178082192
286704,157500,"N",28.613698630137
540000,292500,"Y",43.0904109589041
954207,189000,"Y",45.1424657534247
241618.5,99000,"Y",68.0383561643836
376920,157500,"N",58.1753424657534
199008,112500,"Y",67.7534246575343
594000,135000,"Y",27.9315068493151
382500,202500,"Y",26.5753424657534
151272,54000,"Y",59.9068493150685
448056,360000,"Y",64.6301369863014
296280,112500,"Y",26.6520547945205
808650,157500,"Y",43.6493150684932
270000,225000,"Y",42.0794520547945
855000,157500,"N",33.9643835616438
270000,157500,"Y",40.4082191780822
225000,76500,"N",44.5780821917808
481495.5,90000,"Y",37.9287671232877
436032,135000,"Y",37.558904109589
781920,157500,"Y",61.9917808219178
360000,180000,"Y",48.9479452054794
675000,65700,"N",28.8246575342466
1078200,270000,"N",28.0547945205479
225000,108000,"N",60.7945205479452
700830,90000,"Y",50.5095890410959
545040,63000,"N",64.0054794520548
566055,157500,"Y",63.2547945205479
161730,67500,"N",32.2109589041096
242595,135000,"Y",47.4109589041096
159993,180000,"N",33.6712328767123
675000,180000,"Y",28.7232876712329
1067940,1350000,"Y",44.1315068493151
1057266,112500,"Y",39.0712328767123
265306.5,180000,"Y",58.6657534246575
1350000,472500,"Y",30.1287671232877
450000,112500,"Y",56.3205479452055
1506816,211500,"Y",59.9068493150685
528633,81000,"Y",62.9753424657534
545040,76500,"Y",53.6821917808219
824823,135000,"N",39.2849315068493
199080,135000,"N",29.7232876712329
112068,54000,"Y",41.8904109589041
225000,135000,"N",27.6328767123288
405000,135000,"Y",40.0849315068493
203760,157500,"Y",66.2575342465753
592560,202500,"Y",35.1506849315069
545040,225000,"Y",24.013698630137
288873,90000,"Y",38.6082191780822
303205.5,117000,"Y",56.3945205479452
594261,90000,"Y",59.6739726027397
728460,122688,"Y",45.5260273972603
781920,157500,"Y",39.6904109589041
675000,139500,"Y",60.5205479452055
558706.5,157500,"Y",64.0794520547945
193392,121500,"Y",43.9232876712329
942300,315000,"Y",24.4547945205479
1800000,360000,"Y",60.0383561643836
1154565,315000,"Y",60.1643835616438
723996,135000,"Y",49.0630136986301
499500,135000,"Y",53.5342465753425
598486.5,135000,"N",26.572602739726
337500,112500,"Y",52.4520547945205
180000,112500,"N",22.0904109589041
695929.5,382500,"Y",45.3095890410959
238500,315000,"Y",30.1013698630137
592560,238500,"Y",47.3260273972603
755190,135000,"Y",44.0575342465753
527373,126000,"Y",51.2904109589041
1125000,337500,"Y",31.427397260274
2250000,765000,"Y",56.2876712328767
178290,112500,"Y",33.6794520547945
768550.5,157500,"N",39.3424657534247
808650,54000,"N",45.6986301369863
157500,47250,"N",63.4027397260274
545040,135000,"N",36.5506849315069
450000,180000,"Y",54.3753424657534
1078200,157500,"Y",54.8684931506849
675000,81000,"Y",37.0958904109589
808650,157500,"N",35.3945205479452
379008,112500,"Y",23.6684931506849
360000,135000,"Y",40.5945205479452
135000,450000,"Y",39.9287671232877
938304,202500,"N",41.241095890411
450000,202500,"Y",44.2849315068493
835380,225000,"Y",44.8767123287671
225000,103500,"Y",23.7150684931507
450000,315000,"Y",30.6849315068493
1293502.5,144000,"Y",39.013698630137
339241.5,90000,"N",59.9698630136986
270000,135000,"N",22.2383561643836
282690,67500,"Y",52.3452054794521
163098,157500,"Y",61.2547945205479
1125000,315000,"Y",35.4602739726027
193500,72000,"Y",65.6493150684932
540000,540000,"N",31.6712328767123
536917.5,135000,"N",52.6575342465753
1339884,90000,"Y",48.3205479452055
679500,261000,"Y",52.6520547945205
1185120,337500,"N",43.3616438356164
202500,225000,"Y",25.5780821917808
328500,270000,"Y",53.7342465753425
178290,90000,"Y",67.4164383561644
9e+05,112500,"N",29.7232876712329
274941,67500,"Y",58.2712328767123
291915,112500,"Y",37.0931506849315
834048,202500,"Y",54.8219178082192
1096020,270000,"Y",52.3671232876712
1078200,247500,"Y",34.813698630137
454500,40500,"N",56.986301369863
450000,135000,"Y",45.2986301369863
1222888.5,675000,"Y",54.3643835616438
47970,135000,"Y",37.3506849315068
256500,69750,"Y",46.558904109589
1791000,103500,"Y",46.7178082191781
339948,54000,"Y",63.7013698630137
855000,315000,"Y",27.3178082191781
675000,180000,"Y",37.8465753424658
450000,180000,"N",37.2164383561644
349258.5,108000,"Y",59.1479452054795
536917.5,112500,"Y",61.2657534246575
589045.5,112500,"Y",51.8602739726027
1325475,135000,"Y",52.1342465753425
545040,180000,"Y",48.8109589041096
657166.5,135000,"Y",59.6712328767123
505246.5,126000,"Y",45.5178082191781
247275,72000,"Y",25.2547945205479
450000,108000,"Y",55.2465753424658
1757074.5,436500,"Y",45.6328767123288
521280,117000,"Y",27.1534246575342
270000,67500,"Y",33.1041095890411
1494436.5,168750,"Y",54.0794520547945
215640,67500,"Y",22.7287671232877
188460,112500,"N",35.1342465753425
408780,110250,"Y",57.3123287671233
135000,112500,"Y",26.3917808219178
819432,202500,"Y",31.6904109589041
203760,126000,"Y",27.4821917808219
417024,135000,"N",32.0438356164384
270000,184500,"N",30.6575342465753
431280,108000,"Y",58.5342465753425
808650,90000,"Y",35.7780821917808
722430,112500,"Y",48.6164383561644
729792,202500,"N",55.972602739726
396850.5,180000,"Y",34.1945205479452
135000,126000,"N",47.7479452054795
2032992,450000,"Y",52.1123287671233
512064,144000,"Y",32.5095890410959
1042560,99000,"Y",29.7342465753425
932643,135000,"N",53.372602739726
103500,112500,"Y",35.6301369863014
343800,67500,"Y",42.0219178082192
830214,382500,"N",36.172602739726
284400,139500,"Y",40.5342465753425
199080,180000,"Y",51.627397260274
180000,63000,"Y",28.8821917808219
545040,270000,"N",35.4767123287671
641173.5,225000,"Y",37.7835616438356
1288350,90000,"Y",57.2767123287671
216000,81000,"Y",51.8520547945205
497520,67500,"N",46.7479452054795
584766,225000,"Y",40.5287671232877
630000,225000,"N",43.4931506849315
1312110,180000,"Y",63.4602739726027
675000,202500,"Y",34.1150684931507
835380,139500,"N",49.6328767123288
1223010,225000,"N",43.013698630137
183384,112500,"Y",50.0246575342466
254799,58500,"N",34.4
270000,180000,"Y",29.627397260274
229500,90000,"Y",39.7315068493151
298512,90000,"Y",61.1452054794521
1014790.5,247500,"Y",22.5150684931507
521280,112500,"Y",45.6602739726027
601470,144000,"Y",47.7780821917808
381528,135000,"Y",22.4712328767123
981747,301500,"Y",48.4575342465753
986553,180000,"Y",53.1150684931507
763870.5,157500,"Y",51.7178082191781
225000,270000,"Y",31.0767123287671
237024,247500,"N",39.5232876712329
270000,180000,"Y",46.4191780821918
270000,67500,"Y",55.1178082191781
239850,202500,"Y",43.0465753424658
630747,63000,"Y",57.3342465753425
540000,360000,"Y",39.0904109589041
832500,135000,"Y",53.1616438356164
247500,67500,"Y",53.6027397260274
353241,117000,"Y",57.5808219178082
180000,126000,"Y",22.0657534246575
760131,216000,"Y",53.5945205479452
343800,90000,"Y",41.9479452054794
292500,306000,"Y",42.0630136986301
157500,112500,"Y",56.6082191780822
90000,85500,"N",23.5698630136986
696528,119700,"Y",35.7753424657534
270000,225000,"N",34.8904109589041
354276,99000,"N",24.3342465753425
331834.5,135000,"Y",62.1123287671233
95940,112500,"Y",31.2520547945205
675000,94500,"N",41.7616438356164
254700,238500,"Y",28.5479452054795
378531,382500,"Y",39.5369863013699
781920,180000,"Y",54.7972602739726
523597.5,112500,"Y",59.8630136986301
1433367,202500,"Y",25.3616438356164
646920,162000,"Y",55.2164383561644
1056447,130500,"N",61.7534246575342
566055,94500,"Y",46.413698630137
755190,180000,"Y",30.0109589041096
521280,112500,"N",42.3671232876712
1350000,540000,"N",29.9890410958904
270000,135000,"Y",21.1972602739726
152820,202500,"Y",47.9753424657534
1288350,378000,"Y",55.0493150684932
957033,202500,"N",56.0356164383562
403249.5,157500,"Y",33.5178082191781
521280,166500,"N",63.9424657534247
225000,52303.5,"N",29.2849315068493
512064,112500,"N",57.7945205479452
808650,90000,"Y",57.0575342465753
318411,112500,"Y",27.9890410958904
755190,360000,"N",43.5068493150685
808650,135000,"N",35.0109589041096
675000,135000,"Y",50.5205479452055
135000,90000,"Y",37.3150684931507
333000,135000,"N",37.5753424657534
9e+05,135000,"N",34.9698630136986
745119,157500,"N",46.3561643835616
1024740,315000,"N",45.4630136986301
810000,90000,"Y",31.7315068493151
1078200,180000,"N",25.5123287671233
604152,157500,"N",25.3561643835616
135000,90000,"Y",59.3808219178082
1233193.5,292500,"Y",48.6246575342466
288873,180000,"Y",54.3972602739726
765000,135000,"Y",64.3534246575342
345510,90000,"Y",47.4821917808219
675000,157500,"Y",62.372602739726
180000,180000,"Y",28.7095890410959
135000,99000,"Y",33.3534246575342
720000,225000,"Y",39.2
487570.5,189000,"Y",27.172602739726
454500,112500,"N",37.1095890410959
485640,112500,"N",31.4821917808219
253737,157500,"Y",27.0767123287671
675000,90000,"Y",48.4246575342466
409500,148500,"N",55.1013698630137
157500,99000,"Y",30.9041095890411
808650,76500,"N",33.1342465753425
785398.5,126000,"Y",48.441095890411
733315.5,180000,"Y",29.1232876712329
352044,112500,"N",27.4739726027397
540000,202500,"N",41.7041095890411
270000,157500,"Y",31.0821917808219
755190,135000,"N",39.5698630136986
270000,225000,"Y",33.6684931506849
733315.5,135000,"Y",35.0438356164384
276813,180000,"Y",54.7232876712329
254700,135000,"Y",33.4958904109589
180000,90000,"Y",31.8904109589041
1546020,272079,"N",23.2438356164384
117000,67500,"Y",52.7178082191781
675000,180000,"N",37.4520547945205
219042,112500,"Y",59.9479452054794
269550,180000,"N",59.0575342465753
675000,157500,"N",51.4931506849315
858114,787500,"Y",46.158904109589
454500,112500,"Y",62.427397260274
9e+05,450000,"N",31.4958904109589
135000,73885.5,"Y",41.0575342465753
546021,261000,"N",50.041095890411
755190,360000,"Y",47.586301369863
495216,202500,"Y",44.6493150684932
450000,135000,"N",36.7260273972603
474183,171000,"Y",31.0904109589041
841500,135000,"N",63.6931506849315
835380,225000,"Y",28.4630136986301
313438.5,135000,"N",28.786301369863
499221,126000,"Y",39.2931506849315
405000,198000,"Y",63.9424657534247
568863,202500,"Y",27.9178082191781
1319269.5,112500,"Y",52.4465753424658
112500,31500,"N",60.7315068493151
521280,90000,"Y",30.6520547945205
9e+05,135000,"Y",55.9890410958904
225000,112500,"Y",51.7945205479452
1350000,112500,"Y",37.8602739726027
1485000,180000,"Y",56.641095890411
148365,90000,"Y",30.4712328767123
700830,225000,"Y",52.2657534246575
278460,112500,"Y",58.1232876712329
327024,103500,"Y",30.7972602739726
135000,90000,"Y",28.0082191780822
135000,157500,"Y",26.4301369863014
339241.5,202500,"Y",56.9095890410959
1261498.5,369000,"Y",41.5808219178082
379008,225000,"Y",60.5424657534247
170640,60750,"N",45.4821917808219
276277.5,126000,"Y",54.9561643835616
810000,405000,"Y",40.5479452054795
302206.5,180000,"N",48.172602739726
198000,135000,"Y",54.7397260273973
1185120,211500,"N",34.9972602739726
237384,180000,"Y",27.027397260274
553806,243000,"N",28.2082191780822
270000,157500,"Y",37.4109589041096
284400,45000,"N",65.4821917808219
490495.5,81000,"Y",40.5095890410959
205789.5,157500,"Y",46.6630136986301
239850,315000,"N",33.641095890411
269550,157500,"N",65.0027397260274
679500,112500,"N",31.5232876712329
500211,135000,"Y",25.186301369863
755190,193500,"Y",44.4027397260274
1288350,112500,"Y",55.986301369863
1483650,225000,"N",51.3150684931507
299772,189000,"Y",44.5424657534247
675000,238500,"Y",55.7041095890411
373140,112500,"Y",31.2767123287671
127350,112500,"Y",53.7287671232877
323194.5,171000,"Y",27.5424657534247
135000,99000,"Y",38.8794520547945
325908,90000,"Y",35.827397260274
135000,67500,"Y",38.0630136986301
830709,135000,"Y",58.5315068493151
1633473,166500,"Y",22.7041095890411
188685,126000,"N",22.7068493150685
562491,112500,"N",60.9342465753425
675000,112500,"N",37.3917808219178
180000,180000,"Y",26.4712328767123
675000,135000,"Y",37.5041095890411
225000,67500,"Y",65.3342465753425
180000,135000,"Y",36.7890410958904
715095,247500,"Y",27.5068493150685
135000,117000,"Y",37.3452054794521
163512,76500,"N",42.7041095890411
1006920,450000,"N",45.9972602739726
755190,90000,"N",56.8849315068493
222768,49500,"N",22.4684931506849
808650,157500,"N",49.4164383561644
640080,270000,"Y",35.1205479452055
419679,157500,"Y",34.3424657534247
675000,180000,"Y",58.2164383561644
237204,90000,"Y",61.7013698630137
381528,202500,"Y",50.1068493150685
95940,99000,"Y",33.5150684931507
237024,90000,"Y",38.5561643835616
450000,360000,"N",42.8794520547945
327024,112500,"Y",31.786301369863
339241.5,126000,"N",47.3972602739726
562500,157500,"Y",60.4904109589041
180000,135000,"Y",52.1835616438356
1288350,126000,"Y",37.2246575342466
894906,218700,"Y",57.7287671232877
521280,207000,"Y",28.9068493150685
1471608,157500,"Y",62.8
360000,270000,"Y",36.9561643835616
206280,90000,"Y",60.3013698630137
360000,171000,"Y",59.0657534246575
270000,180000,"Y",35.6328767123288
640080,225000,"N",28.8767123287671
904500,315000,"Y",33.4493150684931
135000,225000,"Y",45.0082191780822
312768,135000,"Y",46.6465753424658
373500,328500,"N",44.8082191780822
684000,180000,"Y",31.2958904109589
263686.5,157500,"Y",35.8630136986301
1154565,270000,"N",50.358904109589
239850,90000,"Y",33.8465753424658
679500,72000,"N",49.2328767123288
942300,90000,"Y",53.1835616438356
180000,121500,"Y",26.6328767123288
675000,112500,"Y",41.0684931506849
585000,337500,"Y",21.1123287671233
225000,225000,"Y",57.5561643835616
1223010,297000,"Y",62.9315068493151
339948,31500,"Y",59.1068493150685
1125000,450000,"N",29.9643835616438
491031,315000,"Y",43.5424657534247
1042812,157500,"Y",51.9232876712329
550980,247500,"Y",28.8712328767123
1615968,247500,"Y",45.3123287671233
1258650,157500,"Y",60.213698630137
265536,157500,"N",28.4438356164384
787131,162000,"N",65
1260000,391500,"N",39.9890410958904
119403,157500,"N",45.9972602739726
808650,99000,"Y",50.8383561643836
156384,76500,"Y",63.5780821917808
803929.5,225000,"Y",45.3972602739726
840951,112500,"Y",43.6931506849315
1125000,63000,"N",41.986301369863
201024,117000,"Y",62.6027397260274
1005120,157500,"Y",24.4438356164384
500427,94500,"Y",24.9315068493151
405000,540000,"N",26.6493150684932
1040985,211500,"Y",37.8356164383562
1183500,216000,"Y",61.827397260274
1022436,225000,"Y",35.3561643835616
316296,99000,"Y",55.4986301369863
970380,202500,"Y",61.2054794520548
532494,202500,"Y",45.7808219178082
870984,450000,"Y",56.3178082191781
1078200,270000,"Y",31.9315068493151
1195461,135000,"Y",43.3424657534247
1078200,225000,"Y",25.9315068493151
715095,81000,"Y",49.1178082191781
90000,67500,"Y",51.8191780821918
312840,67500,"Y",32.8794520547945
1006920,144000,"N",40.841095890411
367389,90000,"Y",24.2794520547945
1467612,675000,"N",34.4876712328767
270000,157500,"Y",42.4191780821918
270000,157500,"Y",34.8027397260274
765000,270000,"N",51.8191780821918
1125000,135000,"Y",36.4821917808219
2013840,247500,"N",34.986301369863
351792,225000,"N",35.1808219178082
167895,157500,"Y",24.7315068493151
292500,112500,"Y",28.558904109589
306306,180000,"Y",46.972602739726
754740,180000,"N",40.8520547945205
536917.5,135000,"Y",59.7397260273973
1256400,135000,"Y",32.2109589041096
1002726,157500,"Y",52.2328767123288
505665,112500,"Y",64.3835616438356
115128,103500,"Y",60.5890410958904
450000,216000,"Y",25.1287671232877
253737,90000,"N",39.1561643835616
1724688,391500,"Y",43.6684931506849
503266.5,810000,"Y",44.0027397260274
326439,40500,"Y",35.6876712328767
225000,225000,"Y",61.6876712328767
1886850,450000,"N",40.7972602739726
544491,180000,"Y",63.7315068493151
101880,67500,"Y",59.158904109589
1061599.5,202500,"Y",58.1287671232877
500566.5,144000,"N",26.9095890410959
450000,112500,"Y",48.4191780821918
1506816,225000,"Y",50.6219178082192
225000,54000,"N",61.2301369863014
1006069.5,270000,"Y",26.1150684931507
284400,81000,"N",27.9178082191781
90000,173250,"Y",30.1808219178082
273636,225000,"Y",41.2547945205479
1651347,233595,"N",37.0931506849315
373311,67500,"Y",49.8684931506849
393039,135000,"Y",35.7095890410959
225000,166500,"N",24.8301369863014
619965,108000,"Y",46.786301369863
1125000,135000,"Y",51.1260273972603
450000,135000,"Y",42.1534246575342
163008,202500,"Y",35.6849315068493
513531,175500,"Y",36.1397260273973
814041,202500,"Y",34.2465753424658
247275,247500,"Y",52.0520547945206
182016,126000,"Y",54.3479452054795
840951,117000,"Y",49.5068493150685
545040,157500,"Y",27.0383561643836
675000,99000,"Y",41.2109589041096
1264738.5,121500,"Y",51.9753424657534
225000,94500,"Y",45.1972602739726
495000,225000,"Y",50.8301369863014
314100,58500,"N",27.1945205479452
742500,135000,"Y",41.5041095890411
338832,76500,"Y",55.841095890411
971280,252675,"Y",56.2082191780822
718425,225000,"Y",40.3068493150685
183784.5,103500,"N",27.5698630136986
225000,90000,"Y",26.7424657534247
553630.5,166500,"N",45.5287671232877
479700,270000,"Y",38.5780821917808
1078200,585000,"Y",40.8328767123288
835605,157500,"Y",60.6027397260274
1029784.5,225000,"Y",38.5369863013699
254700,90000,"N",57.9780821917808
254700,81000,"Y",66.2794520547945
675000,90000,"Y",48.6904109589041
156384,180000,"Y",33.7123287671233
1285816.5,247500,"Y",51.7041095890411
835605,135000,"Y",62.558904109589
1762110,144000,"Y",28.2356164383562
540000,135000,"N",31.9205479452055
299772,90000,"Y",40.5232876712329
135000,202500,"N",22.3397260273973
199080,90000,"Y",47.5780821917808
1224000,180000,"N",44.4657534246575
545040,202500,"Y",61.2849315068493
568800,112500,"Y",57.8821917808219
675000,472500,"N",61.3890410958904
808650,225000,"N",39.1095890410959
1066320,117000,"N",35.0575342465753
797557.5,157500,"Y",28.4328767123288
180000,112500,"Y",27.3397260273973
808650,90000,"Y",51.6164383561644
1288350,180000,"Y",45.5315068493151
1719760.5,225000,"Y",50.5287671232877
1006920,135000,"N",33.5561643835616
544491,94500,"Y",58.4164383561644
99000,90000,"Y",49.1095890410959
568800,229500,"N",45.3945205479452
472644,157500,"Y",26.7452054794521
348264,72000,"N",58.1397260273973
450000,225000,"Y",48.3972602739726
450000,135000,"N",29.2027397260274
1260000,355500,"Y",23.9479452054795
254700,225000,"N",27.7397260273973
677664,135000,"N",65.0219178082192
180000,189000,"Y",26.0794520547945
382500,157500,"Y",44.558904109589
675000,157500,"Y",41.9452054794521
450000,144000,"N",27.0383561643836
755190,112500,"N",32.4821917808219
733315.5,157500,"Y",61.1068493150685
314055,225000,"Y",48.9972602739726
180000,135000,"Y",52.1205479452055
253737,148500,"N",27.8958904109589
592560,202500,"Y",30.7013698630137
1056447,180000,"Y",40.7013698630137
807984,180000,"Y",59.1068493150685
509400,99000,"N",29.3506849315068
9e+05,540000,"N",29.6684931506849
675000,211500,"N",59.9616438356164
284400,270000,"Y",40.9972602739726
490495.5,225000,"Y",59.2054794520548
1024290,270000,"Y",32.4657534246575
1125000,261000,"Y",54.9232876712329
2085120,225000,"Y",26.441095890411
238500,157500,"N",36.558904109589
297130.5,157500,"Y",55.2602739726027
251280,157500,"Y",49.7013698630137
422451,112500,"Y",42.6438356164384
365175,135000,"Y",41.0438356164384
222547.5,225000,"N",41.8904109589041
225000,225000,"Y",45.8767123287671
225000,76500,"N",27.4493150684931
277969.5,94500,"N",59.1232876712329
503676,135000,"Y",55.4739726027397
492543,36000,"Y",58.6876712328767
781879.5,157500,"N",42.9369863013699
50940,85500,"Y",59.2054794520548
247500,112500,"Y",46.0383561643836
640080,180000,"N",29.8739726027397
1035832.5,180000,"N",39.7616438356164
729792,157500,"Y",50.4246575342466
288873,81000,"N",48.8821917808219
1293502.5,225000,"Y",54.3890410958904
1913148,274500,"Y",46.0739726027397
781920,94500,"Y",54.5972602739726
9e+05,292500,"Y",28.227397260274
1546020,315000,"N",47.5041095890411
630000,270000,"Y",44.3178082191781
292500,135000,"N",46.3178082191781
508495.5,126000,"N",32.1479452054795
585000,202500,"Y",57.1506849315069
544491,112500,"N",38.8328767123288
1381113,360000,"N",52.4164383561644
137538,112500,"N",22.3945205479452
1125000,90000,"Y",59.2520547945205
490495.5,292500,"N",60.9041095890411
448299,175500,"Y",50.3342465753425
550980,135000,"Y",43.3616438356164
1006920,450000,"N",26.2027397260274
652500,225000,"N",42.2383561643836
405000,112500,"Y",37.5917808219178
528637.5,270000,"Y",53.5479452054795
225000,126000,"Y",28.3041095890411
450000,135000,"Y",37.3150684931507
288873,157500,"Y",31.627397260274
180000,90000,"Y",24.7753424657534
755190,135000,"N",31.3232876712329
313438.5,315000,"Y",43.0684931506849
180000,90000,"Y",27.958904109589
1223010,391500,"Y",57.8520547945205
862560,112500,"Y",36.2986301369863
733315.5,112500,"Y",33.0493150684932
312768,135000,"N",31.2767123287671
887539.5,157500,"Y",54.8
512064,144000,"Y",39.7534246575342
315000,90000,"Y",49.0821917808219
582804,180000,"Y",48.4219178082192
568800,112500,"N",39.8520547945205
254700,180000,"N",65.6575342465753
254700,180000,"Y",64.5753424657534
320922,157500,"Y",43.7534246575342
663093,63000,"Y",34.4356164383562
149256,121500,"N",37.9342465753425
180000,108000,"Y",33.1150684931507
370107,90000,"Y",57.7424657534247
436032,162000,"Y",57.6328767123288
808650,126000,"N",61.5452054794521
679500,83250,"N",65.1150684931507
187704,112500,"Y",59.3232876712329
574002,135000,"Y",50.9205479452055
307152,90000,"Y",33.3945205479452
225000,112500,"N",45.5506849315069
720000,360000,"Y",39.1287671232877
450000,180000,"Y",34.4958904109589
700830,180000,"Y",47.9561643835616
9e+05,315000,"Y",40
2265570,337500,"N",54.3260273972603
1293502.5,247500,"Y",44.4520547945205
526491,157500,"Y",57.2958904109589
521280,157500,"Y",63.6520547945205
855000,450000,"Y",53.2931506849315
1042560,157500,"N",30.8383561643836
1963494,157500,"Y",40.013698630137
454500,270000,"N",31.2821917808219
367389,121500,"Y",50.2383561643836
119893.5,108000,"Y",27.3260273972603
628618.5,153000,"Y",56.2356164383562
143910,49500,"Y",60.3041095890411
1128595.5,117000,"Y",61.6739726027397
256500,103500,"Y",36.0821917808219
9e+05,270000,"N",48.3534246575342
251091,202500,"Y",38.7315068493151
135000,90000,"N",39.7753424657534
454500,112500,"N",43.4356164383562
835605,135000,"N",38.4082191780822
1125000,90000,"Y",53.8438356164384
229500,135000,"Y",31.1095890410959
454500,49500,"Y",60.3397260273973
599778,202500,"Y",40.0547945205479
297000,180000,"Y",37.4246575342466
1350000,247500,"Y",24.9753424657534
1237500,450000,"Y",59.4794520547945
144486,45000,"Y",62.7808219178082
364896,202500,"N",55.8493150684931
711072,270000,"Y",40.4328767123288
273636,72000,"N",59.9698630136986
1288350,202500,"Y",56.1890410958904
555273,171000,"Y",52.5041095890411
298512,180000,"Y",42.4712328767123
284400,90000,"N",37.9150684931507
1096020,450000,"Y",34.5452054794521
593010,112500,"N",58.5917808219178
283419,135000,"N",34.9698630136986
312768,238500,"Y",27.1671232876712
323460,157500,"Y",35.3424657534247
533668.5,90000,"Y",34.7671232876712
123637.5,49500,"Y",63.9890410958904
1605312,360000,"Y",31.9369863013699
328500,76500,"Y",36.8356164383562
604152,157500,"Y",46.0630136986301
286704,112500,"Y",33.5972602739726
755190,189000,"Y",32.427397260274
323194.5,135000,"Y",37.0794520547945
508495.5,90000,"Y",54.0657534246575
219042,112500,"Y",34.2438356164384
281493,90000,"N",31.8465753424658
254700,337500,"Y",52.8383561643836
835380,270000,"Y",31.2849315068493
490495.5,157500,"Y",56.6547945205479
270000,405000,"Y",29.0191780821918
562491,180000,"Y",55.2383561643836
913347,450000,"Y",42.3178082191781
942300,135000,"Y",51.558904109589
651600,225000,"Y",43.0821917808219
177768,103500,"N",57.9780821917808
450000,157500,"Y",42.5178082191781
807534,270000,"Y",44.6684931506849
675000,270000,"Y",47.1671232876712
1002726,157500,"N",22.4767123287671
970380,135000,"Y",43.1424657534247
380533.5,126000,"N",47.9342465753425
450000,76500,"N",61.5397260273973
298512,292500,"N",47.4082191780822
168102,135000,"Y",43.6082191780822
675000,292500,"Y",47.9260273972603
450000,261000,"Y",54.4739726027397
1762110,135000,"Y",55.2301369863014
454500,90000,"N",31.3342465753425
1350000,180000,"Y",59.0821917808219
85320,72000,"Y",65.427397260274
489024,112500,"Y",49.1534246575342
80865,135000,"Y",37.5068493150685
640080,135000,"Y",23.6082191780822
573408,112500,"Y",43.4383561643836
9e+05,225000,"Y",41.5835616438356
1363500,135000,"Y",56.7397260273973
180000,135000,"Y",36.1041095890411
450000,135000,"Y",52.186301369863
225000,112500,"N",41.6328767123288
521280,225000,"Y",49.3835616438356
183384,135000,"Y",64.5424657534247
1078200,112500,"N",37.3506849315068
112500,112500,"Y",32.586301369863
814500,90000,"Y",53.8465753424658
675000,135000,"Y",39.8493150684931
808650,85500,"N",42.8575342465753
158301,45000,"N",59.1917808219178
545040,112500,"Y",50.2876712328767
450000,128250,"Y",34.2794520547945
95940,67500,"N",63.3479452054795
916470,135000,"Y",31.8986301369863
1443150,315000,"Y",40.5835616438356
450000,90000,"Y",30.7972602739726
398934,270000,"Y",51.7150684931507
1288350,360000,"Y",40.358904109589
675000,90000,"Y",47.5260273972603
540000,157500,"Y",42.2849315068493
239850,103500,"Y",47.1095890410959
758475,180000,"N",41.9452054794521
137538,450000,"Y",54.5534246575342
204858,202500,"Y",43.1945205479452
855657,202500,"Y",23.4575342465753
438493.5,90000,"Y",33.1315068493151
815877,247500,"Y",28.1780821917808
787131,103500,"Y",45.0904109589041
1125000,135000,"Y",51.2520547945205
364896,112500,"Y",46.1972602739726
9e+05,216000,"N",38.7780821917808
263686.5,216000,"N",64.7315068493151
152820,69750,"Y",56.8246575342466
101880,121500,"Y",29.4575342465753
269550,86850,"Y",55.7890410958904
450000,73800,"N",34.0493150684932
450000,85500,"Y",23.6356164383562
423000,270000,"Y",38.0246575342466
284400,135000,"N",35.2383561643836
1035000,126000,"N",44.4767123287671
603000,135000,"Y",36.0575342465753
916470,157500,"N",39.4191780821918
657166.5,90000,"N",45.5232876712329
848745,202500,"Y",54.8
983299.5,360000,"Y",47.5123287671233
1467612,256500,"Y",44.3041095890411
9e+05,81000,"Y",53.7397260273973
1280794.5,270000,"Y",51.0383561643836
450000,112500,"N",33.8164383561644
390960,112500,"N",52.1068493150685
225000,157500,"Y",33.3068493150685
454500,67500,"Y",44.9369863013699
1133748,270000,"Y",47.1671232876712
808650,49500,"N",52.9506849315068
450000,135000,"Y",26.4657534246575
450000,157500,"N",57.4
1129500,270000,"Y",49.3452054794521
1546020,337500,"N",31.6821917808219
495000,144000,"Y",31.0767123287671
1288350,171000,"N",35.2082191780822
675000,225000,"Y",28.5534246575342
1236816,247500,"N",41.0219178082192
1125000,270000,"Y",48.8465753424658
172512,67500,"Y",54.2191780821918
675000,270000,"N",32.7534246575342
355536,112500,"Y",50.6547945205479
521280,112500,"Y",60.5397260273973
239850,180000,"Y",67.9397260273973
202500,90000,"N",48.0027397260274
76500,49500,"Y",41.3095890410959
9e+05,67500,"N",52.4082191780822
1078200,202500,"Y",39.3561643835616
654498,112500,"N",35.9260273972603
1024740,315000,"Y",29.7917808219178
251280,81000,"Y",50.386301369863
612612,270000,"Y",32.2383561643836
640080,157500,"Y",29.9479452054795
624289.5,225000,"N",28.3287671232877
517500,135000,"Y",35.8986301369863
135000,135000,"Y",28.8876712328767
239850,202500,"N",34.9369863013699
545040,292500,"N",23.6191780821918
808650,144000,"Y",44.3808219178082
485190,148500,"Y",52.3780821917808
202500,90000,"Y",27.0821917808219
790830,360000,"Y",50.9616438356164
1078200,292500,"Y",59.6493150684932
172021.5,135000,"Y",41.6575342465753
199080,67500,"Y",40.8794520547945
276277.5,112500,"Y",59.2602739726027
1125000,315000,"Y",39.3972602739726
227520,54000,"N",37.413698630137
1350000,270000,"Y",25.213698630137
314100,67500,"N",38.9972602739726
485640,99000,"N",64.3397260273973
270000,247500,"N",38.8246575342466
1213641,315000,"Y",47.0958904109589
382500,112500,"N",24.3068493150685
562500,94500,"Y",63.3315068493151
1054935,270000,"Y",30.1150684931507
260568,157500,"Y",32.1095890410959
755190,135000,"Y",41.7452054794521
494550,270000,"N",50.2630136986301
2517300,495000,"Y",33.7506849315068
239850,112500,"Y",45.6657534246575
283500,54000,"N",29.841095890411
781920,157500,"N",22.2219178082192
197820,90000,"Y",45.1150684931507
640080,121500,"Y",35.241095890411
202500,225000,"Y",35.3671232876712
675000,90000,"Y",37.3369863013699
450000,112500,"N",39.1534246575342
450000,180000,"N",34.358904109589
258709.5,72000,"Y",62.9068493150685
500490,270000,"N",32.1972602739726
229500,90000,"Y",56.0821917808219
178290,135000,"Y",63.0438356164384
1546020,175500,"N",46.386301369863
239850,72000,"Y",60.6958904109589
886176,162000,"N",62.0191780821918
1078200,135000,"Y",40.5753424657534
1350000,337500,"Y",38.7506849315068
808650,112500,"N",42.0438356164384
780363,126000,"Y",50.2301369863014
254700,81000,"Y",29.8356164383562
497520,225000,"N",38.7287671232877
675000,180000,"N",50.2876712328767
646920,112500,"N",46.8493150684931
942300,180000,"Y",50.172602739726
1665000,382500,"Y",59.2520547945205
746280,108000,"Y",64.5150684931507
170640,166500,"Y",34.2739726027397
346500,90000,"Y",26.0082191780822
647046,112500,"Y",43.7945205479452
225000,135000,"N",24.5643835616438
566055,54000,"Y",61.3753424657534
337500,54000,"Y",60.0986301369863
808650,67500,"Y",44.5479452054795
450000,135000,"N",51.2027397260274
675000,180000,"N",38.8876712328767
835380,171000,"Y",25.5150684931507
427365,112500,"Y",51.7835616438356
479353.5,225000,"N",49.9041095890411
1488159,270000,"Y",39.9506849315068
547344,112500,"Y",35.3616438356164
552555,117000,"Y",43.3315068493151
540000,225000,"Y",46.1123287671233
314100,135000,"N",31.7917808219178
490495.5,180000,"Y",43.8739726027397
101880,45000,"Y",64.0356164383562
1354500,202500,"Y",66.2219178082192
251280,67500,"N",60.1041095890411
360000,112500,"Y",29.2164383561644
675000,157500,"N",38.5041095890411
270000,225000,"Y",45.9342465753425
247275,81000,"N",32.8602739726027
845410.5,90000,"Y",30.4958904109589
450000,157500,"N",27.1424657534247
277969.5,112500,"Y",30.7205479452055
912240,171000,"Y",48.4958904109589
521280,211500,"N",36.0602739726027
284400,112500,"N",38.7698630136986
439740,90000,"Y",51.0465753424658
149256,135000,"N",58.6684931506849
179235,202500,"Y",47.758904109589
819792,328500,"Y",56.0027397260274
269550,67500,"Y",27.558904109589
270000,135000,"N",21.372602739726
631332,270000,"N",46.772602739726
292500,180000,"Y",38.0767123287671
1440000,180000,"Y",43.7534246575342
316125,157500,"Y",58.1808219178082
1078200,67500,"N",38.9095890410959
239850,225000,"Y",36.0794520547945
808650,157500,"N",55.9232876712329
261751.5,157500,"Y",24.0438356164384
495000,247500,"N",59.8821917808219
1025127,270000,"Y",46.2876712328767
986553,135000,"Y",24.7068493150685
225000,184950,"Y",54.6931506849315
315000,67500,"Y",42.4191780821918
398016,315000,"N",37.3150684931507
521280,67500,"Y",60.9232876712329
1267735.5,202500,"N",48.4465753424658
315000,157500,"Y",29.4712328767123
199080,67500,"N",29.0630136986301
134329.5,225000,"N",32.8931506849315
9e+05,193500,"N",25.1890410958904
180000,90000,"N",27.7698630136986
270000,130500,"Y",30.0767123287671
491823,67500,"Y",60.0821917808219
239850,112500,"Y",67.2438356164384
229500,315000,"N",34.5616438356164
1575000,225000,"N",41.3452054794521
450000,112500,"N",25.2356164383562
1293502.5,202500,"Y",36.9342465753425
518562,135000,"Y",22.1369863013699
1903023,261000,"Y",52.1479452054795
459000,81000,"Y",62.972602739726
1762110,288000,"Y",28.2493150684931
253737,130500,"N",27.758904109589
263686.5,202500,"Y",32.1095890410959
177903,72000,"N",46.4712328767123
634482,162000,"Y",37.9945205479452
225000,117000,"N",57.827397260274
675000,63000,"N",40.6931506849315
593010,37350,"N",56.3972602739726
398016,135000,"Y",35.3780821917808
180000,135000,"Y",22.6
9e+05,180000,"Y",41.8054794520548
191880,202500,"Y",27.1534246575342
1078200,146749.5,"Y",30.7479452054795
1125000,247500,"Y",43.6164383561644
314100,157500,"Y",32.8904109589041
1350000,337500,"Y",44.6630136986301
183294,90000,"Y",29.4246575342466
225000,180000,"N",21.4054794520548
315000,270000,"Y",23.9671232876712
592560,112500,"N",29.0520547945205
381528,180000,"Y",34.7972602739726
1206954,337500,"Y",44.9150684931507
225706.5,292500,"N",46.4986301369863
1236816,112500,"Y",53.6849315068493
382500,157500,"Y",63.4493150684931
840780,270000,"N",49.3041095890411
422892,157500,"Y",32.8575342465753
1535553,180000,"N",35.841095890411
945000,202500,"Y",36.0356164383562
474048,247500,"Y",46.958904109589
832500,112500,"N",42.041095890411
553806,157500,"Y",64.5835616438356
354276,135000,"Y",33.7753424657534
562491,81000,"Y",59.641095890411
728460,135000,"N",67.241095890411
1350000,117000,"N",31.5890410958904
215865,54000,"Y",61.2712328767123
540000,180000,"Y",44.5013698630137
254700,225000,"Y",65.5890410958904
1121575.5,315000,"Y",42.5643835616438
544491,67500,"Y",61.9479452054794
1024740,225000,"Y",64.958904109589
814041,112500,"Y",33.4356164383562
331632,225000,"N",51.5315068493151
1183131,405000,"Y",58.6164383561644
284400,157500,"Y",65.8219178082192
270126,126000,"Y",28.4821917808219
703728,157500,"Y",43.1205479452055
1006920,63000,"Y",60.1205479452055
314055,135000,"N",36.2575342465753
1257430.5,225000,"N",40.6712328767123
545040,202500,"Y",30.8684931506849
239850,108000,"N",61.1095890410959
573628.5,157500,"Y",43.7287671232877
239850,81000,"Y",48.9095890410959
225000,90000,"N",25.9945205479452
860634,112500,"N",58.6986301369863
500211,153000,"Y",36.9452054794521
352044,112500,"N",37.4739726027397
810000,202500,"Y",44.572602739726
863226,292500,"Y",48.0575342465753
270000,157500,"N",32.7068493150685
1256400,292500,"Y",60.6520547945205
1178703,225000,"Y",55.5671232876712
675000,270000,"Y",63.7479452054795
961146,135000,"N",50.3945205479452
254700,103500,"Y",47.6767123287671
135000,81000,"Y",56.7068493150685
1078200,157500,"N",40.586301369863
1082214,130500,"Y",57.4794520547945
270000,225000,"Y",30.6328767123288
1078200,270000,"N",54.1424657534247
2250000,315000,"Y",40.5041095890411
314100,103500,"Y",25.813698630137
598486.5,126000,"Y",60.6684931506849
254700,135000,"Y",67.4219178082192
514777.5,144000,"Y",39.3506849315068
675000,90000,"Y",54.6328767123288
1113133.5,135000,"Y",61.0821917808219
810000,112500,"Y",39.5452054794521
1288350,441000,"Y",44.2684931506849
659610,135000,"N",40.9150684931507
518463,180000,"Y",28.9534246575342
566055,135000,"Y",53.1013698630137
233208,99000,"Y",42.9205479452055
1078200,225000,"N",39.8986301369863
1288350,135000,"Y",51.7671232876712
306306,166500,"Y",52.8547945205479
337500,90000,"Y",57.4712328767123
308133,90000,"Y",63.1260273972603
301464,90000,"Y",27.8739726027397
592560,225000,"N",31.2767123287671
634482,67500,"Y",46.8739726027397
808650,162000,"Y",59.8958904109589
348264,180000,"Y",60.2493150684932
296280,202500,"Y",39.1616438356164
95940,67500,"Y",67.2657534246575
405000,135000,"Y",47.9890410958904
387000,247500,"N",25.6821917808219
298512,90000,"Y",23.6657534246575
553806,85500,"Y",57.8356164383562
545040,202500,"Y",41.8767123287671
961146,202500,"Y",41.4712328767123
755190,135000,"Y",62.041095890411
654498,247500,"Y",26.9561643835616
1499638.5,202500,"Y",60.5260273972603
450000,180000,"Y",26.8520547945205
625536,180000,"Y",32.1068493150685
9e+05,90000,"N",46.3041095890411
1350000,315000,"Y",29.0821917808219
1488159,202500,"Y",42.4904109589041
1125000,360000,"Y",39.4575342465753
1236816,135000,"N",46.5150684931507
646920,90000,"N",33.7616438356164
315000,135000,"Y",33.7890410958904
312768,54000,"N",41.8493150684931
103500,76500,"Y",29.9013698630137
523237.5,135000,"Y",28.1287671232877
697500,99000,"Y",57.0767123287671
675000,90000,"Y",57.1506849315069
327249,112500,"N",37.8109589041096
135000,90000,"N",40.5068493150685
835605,157500,"N",56.841095890411
553806,225000,"Y",37.0054794520548
130500,157500,"Y",58.5616438356164
95940,112500,"Y",39.0082191780822
495351,112500,"N",57.1123287671233
239850,90000,"Y",67.8958904109589
239850,157500,"N",23.9260273972603
180000,54000,"Y",62.4575342465753
545040,121500,"N",59.4438356164384
1665819,279000,"N",33.4547945205479
90000,90000,"Y",47.5945205479452
592560,144000,"Y",32.0876712328767
152820,180000,"N",37.4027397260274
251280,292500,"Y",49.7616438356164
9e+05,157500,"N",58.8027397260274
688090.5,112500,"Y",63.2876712328767
1024740,450000,"Y",55.5671232876712
450000,180000,"Y",22.358904109589
225000,76500,"Y",45.2794520547945
343800,90000,"Y",65.0082191780822
270000,90000,"N",27.4027397260274
269550,270000,"Y",49.2602739726027
254700,90000,"N",61.5041095890411
1190340,270000,"N",30.4712328767123
432567,157500,"Y",26.6493150684932
254700,81000,"Y",68.0301369863014
1288350,157500,"Y",54.0821917808219
807534,162000,"N",27.3890410958904
254700,162000,"Y",35.9808219178082
2085120,225000,"N",52.5232876712329
270000,148500,"Y",32.2109589041096
450000,90000,"N",47.5890410958904
180000,112500,"Y",33.9041095890411
301464,157500,"Y",53.7452054794521
315000,157500,"N",56.1123287671233
1024740,225000,"N",51.4246575342466
580500,202500,"Y",62.0958904109589
450000,112500,"Y",60.8465753424658
296280,117000,"Y",22.0684931506849
324000,135000,"N",56.8465753424658
202500,157500,"Y",62.4602739726027
463626,202500,"Y",58.5835616438356
1507869,270000,"Y",31.2547945205479
781920,85500,"Y",62.5123287671233
654048,157500,"N",52.3506849315068
190764,112500,"N",32.9972602739726
797557.5,135000,"Y",34.4904109589041
755190,225000,"N",54.027397260274
679500,101700,"N",55.8493150684931
891387,324000,"Y",55.9506849315068
251091,139500,"Y",62.8027397260274
679500,157500,"N",50.0767123287671
180000,67500,"N",28.3808219178082
456273,72000,"Y",30.8657534246575
288873,112500,"N",25.4328767123288
288873,40500,"Y",64.0356164383562
454500,90000,"N",39.4465753424658
119448,87750,"N",45.7671232876712
469017,202500,"Y",37.7835616438356
1057266,157500,"Y",56.558904109589
479799,90000,"Y",33.7479452054795
555273,135000,"Y",48.7068493150685
145957.5,112500,"Y",22.5698630136986
450000,180000,"Y",35.0712328767123
518562,94500,"Y",47.1698630136986
450000,157500,"Y",35.5534246575342
225000,135000,"Y",32.1342465753425
288873,58500,"N",39.1616438356164
1118286,270000,"N",52.6575342465753
1096020,292500,"Y",39.5260273972603
188685,90000,"Y",42.2821917808219
314055,157500,"N",47.241095890411
324000,81000,"Y",41.4219178082192
319500,135000,"N",30.2684931506849
436500,225000,"Y",53.5150684931507
1190340,360000,"N",38.1260273972603
254700,90000,"Y",66.9068493150685
170640,225000,"Y",55.3205479452055
1006920,135000,"Y",34.2
254700,157500,"N",66.6712328767123
270000,270000,"Y",47.7397260273973
454500,90000,"Y",43.1616438356164
121500,180000,"Y",60.4109589041096
187704,67500,"Y",42.4520547945205
91692,202500,"N",27.1671232876712
314100,243000,"N",52.572602739726
598486.5,81000,"Y",53.4438356164384
2250000,270000,"Y",49.8301369863014
1350639,90000,"Y",42.7205479452055
9e+05,292500,"N",53.8986301369863
432661.5,166500,"Y",57.1671232876712
135000,180000,"Y",60.7780821917808
225000,135000,"Y",23.5123287671233
270000,157500,"Y",41.8904109589041
323460,225000,"Y",54.5424657534247
315000,130500,"N",32.5232876712329
675000,247500,"N",34.8027397260274
601470,135000,"Y",48.8246575342466
517500,157500,"N",34.6246575342466
623749.5,216000,"Y",44.2821917808219
688500,225000,"Y",45.0246575342466
239850,112500,"Y",63.4821917808219
135000,126000,"Y",34.5643835616438
284400,225000,"Y",30.0054794520548
398016,337500,"Y",48.4219178082192
202500,67500,"Y",30.8849315068493
1350000,225000,"Y",45.4904109589041
192874.5,54000,"N",46.0164383561644
284400,157500,"N",28.9534246575342
281493,157500,"N",26.7424657534247
157500,67500,"Y",31.2657534246575
95940,112500,"N",23.1945205479452
270000,162000,"N",51.213698630137
263686.5,164250,"N",40.2931506849315
172512,121500,"Y",60.4547945205479
95940,67500,"Y",60.8383561643836
457717.5,112500,"Y",51.4465753424658
450000,76500,"N",30.3315068493151
677664,157500,"N",31.1013698630137
265851,49500,"Y",53.0821917808219
101880,90000,"Y",30.8849315068493
1125000,90000,"Y",54.2219178082192
360000,168750,"Y",35.213698630137
675000,135000,"Y",28.1945205479452
521280,112500,"Y",29.6657534246575
936000,112500,"N",34.5397260273973
112068,67500,"Y",57.7178082191781
755190,139500,"Y",54.0219178082192
754740,90000,"Y",61.4383561643836
315000,180000,"Y",30.441095890411
835380,202500,"N",37.3424657534247
9e+05,396000,"Y",37.8684931506849
490536,112500,"N",32.2958904109589
369720,135000,"N",26.9643835616438
247500,81000,"N",27.1972602739726
1083235.5,315000,"Y",45.5890410958904
755190,360000,"Y",53.3315068493151
1237500,270000,"N",54.1479452054795
135000,112500,"Y",30.2246575342466
1223010,157500,"Y",62.7041095890411
651816,90000,"Y",42.0849315068493
562491,225000,"Y",26.5561643835616
528633,315000,"Y",48.4821917808219
990000,180000,"N",59.1369863013699
81000,225000,"Y",36.8246575342466
945000,112500,"Y",46.0438356164384
1113399,202500,"Y",57.8465753424658
808650,121500,"N",47.3068493150685
497520,202500,"Y",31.0767123287671
149256,90000,"Y",47.1205479452055
278712,202500,"Y",26.0520547945205
1013508,90000,"N",31.8958904109589
781920,135000,"Y",50.8027397260274
1494436.5,270000,"Y",42.4767123287671
225000,99000,"N",28.2739726027397
599116.5,157500,"Y",46.9561643835616
497520,225000,"Y",43.5068493150685
630000,135000,"Y",53.6986301369863
296280,90000,"Y",32.5068493150685
808650,90000,"N",44.6931506849315
180000,121500,"Y",39.0575342465753
270000,90000,"Y",63.1205479452055
640080,225000,"Y",55.6109589041096
728460,175500,"Y",47.5068493150685
171000,225000,"Y",30.7917808219178
568800,225000,"N",44.7671232876712
474363,112500,"Y",61.7835616438356
450000,144000,"N",24.4684931506849
254700,99000,"Y",68.0630136986301
450000,202500,"Y",27.0575342465753
808650,112500,"Y",64.1506849315068
224136,112500,"Y",27.8356164383562
450000,180000,"Y",29.8191780821918
521280,135000,"Y",46.3835616438356
1071909,135000,"Y",60.3671232876712
675000,90000,"N",36.6191780821918
852088.5,225000,"Y",45.4164383561644
834048,180000,"Y",43.0958904109589
502497,135000,"Y",38.0684931506849
135000,103500,"Y",22.4027397260274
112500,135000,"Y",35.0301369863014
358443,225000,"N",33.6465753424658
180000,157500,"Y",25.4712328767123
1764000,315000,"N",36.8876712328767
284400,90000,"Y",32.6
454500,247500,"Y",50.0876712328767
450000,157500,"Y",43.7397260273973
270000,225000,"Y",44.9287671232877
180000,90000,"Y",21.7397260273973
312840,171000,"Y",57.6876712328767
9e+05,166500,"N",43.6191780821918
545040,225000,"N",30.386301369863
1125000,180000,"Y",55.4931506849315
295168.5,54000,"Y",60.7698630136986
1262583,202500,"N",48.972602739726
302076,202500,"N",38.8164383561644
497520,223425,"Y",28.2575342465753
101880,67500,"N",53.8164383561644
136287,72000,"Y",64.1068493150685
180000,148500,"Y",30.5342465753425
416052,139500,"Y",47.2
450000,90000,"Y",62.558904109589
724630.5,202500,"Y",56.4794520547945
592560,135000,"Y",35.213698630137
450000,67500,"N",51.1643835616438
360000,126000,"Y",51.4438356164384
508495.5,189000,"N",60.3452054794521
675000,450000,"N",30.1424657534247
1042560,157500,"Y",40.3506849315068
45000,58500,"N",53.3205479452055
927612,270000,"Y",36.0849315068493
180000,90000,"Y",39.5616438356164
548775,270000,"N",51.6082191780822
269550,90000,"N",61.8657534246575
684652.5,157500,"Y",61.4191780821918
1798416,450000,"Y",45.4164383561644
450000,76500,"Y",33.3095890410959
237024,157500,"Y",61.2630136986301
2250000,337500,"Y",64.7342465753425
1154655,193500,"Y",56.2575342465753
552555,112500,"N",28.5013698630137
225000,135000,"N",50.613698630137
225000,135000,"N",34.5643835616438
1312110,315000,"Y",40.3452054794521
1876608,315000,"Y",36.4547945205479
1038559.5,202500,"N",44.1972602739726
578979,157500,"Y",61.8301369863014
225000,67500,"N",28.372602739726
1350000,135000,"N",43.6493150684932
314055,112500,"Y",34.813698630137
450000,450000,"Y",43.5643835616438
953010,270000,"N",24.1561643835616
288972,234000,"Y",59.6575342465753
1078200,121500,"Y",44.572602739726
301500,180000,"N",32.6027397260274
450000,315000,"N",52.3972602739726
292500,117000,"N",43.0602739726027
573408,315000,"Y",53.3287671232877
1345500,135000,"Y",27.7205479452055
545040,202500,"Y",35.0630136986301
263686.5,67500,"Y",67.7561643835616
478498.5,225000,"Y",34.0958904109589
585000,90000,"N",54.3917808219178
355536,103500,"N",30.8602739726027
373311,103500,"N",25.8849315068493
199008,270000,"Y",51.0575342465753
670500,180000,"N",47.6027397260274
247275,162000,"Y",65.8821917808219
1223010,157500,"Y",49.3917808219178
495000,247500,"Y",53.1205479452055
927252,256500,"N",47.3287671232877
781920,135000,"N",57.4602739726027
1024740,166500,"Y",46.6657534246575
755190,202500,"Y",46.9424657534247
540000,180000,"Y",45.8958904109589
755190,112500,"N",61.5835616438356
715500,135000,"Y",57.7753424657534
755190,216000,"Y",56.4849315068493
675000,112500,"N",55.0931506849315
728460,112500,"N",37.0383561643836
1035832.5,67500,"Y",43.7424657534247
566055,90000,"N",44.5287671232877
450000,189000,"N",30.4465753424658
247275,67500,"Y",64.841095890411
363190.5,225000,"Y",66.027397260274
337500,112500,"Y",23.4301369863014
816660,180000,"Y",34.5287671232877
545040,90000,"Y",58.5808219178082
373500,157500,"Y",40.5698630136986
1249740,225000,"Y",50.7342465753425
545040,180000,"Y",33.8301369863014
202500,90000,"Y",48.5424657534247
855000,180000,"Y",56.2109589041096
1288350,166500,"Y",56.8356164383562
384048,121500,"Y",31.9917808219178
450000,180000,"N",64.9917808219178
157500,90000,"Y",24.9780821917808
808650,135000,"N",56.0109589041096
78192,135000,"N",24.5479452054795
1071909,270000,"Y",45.1945205479452
526491,157500,"N",46.6876712328767
225000,90000,"Y",58.1917808219178
163512,76500,"Y",30.6027397260274
450000,157500,"Y",34.213698630137
319500,90000,"Y",39.986301369863
877500,315000,"Y",38.3972602739726
270000,67500,"N",37.9397260273973
792346.5,112500,"N",44.6191780821918
781920,157500,"Y",28.7287671232877
622188,171000,"Y",52.1260273972603
241618.5,157500,"Y",29.7397260273973
